{
  "main": {
    "id": "246ccad2e5be0fb7",
    "type": "split",
    "children": [
      {
        "id": "d81e9cfe2fddd62d",
        "type": "tabs",
        "children": [
          {
            "id": "ccba09634756b070",
            "type": "leaf",
            "state": {
              "type": "markdown",
              "state": {
                "file": "ProjectDocs/toDoList.md",
                "mode": "source",
                "source": false
              },
              "icon": "lucide-file",
              "title": "toDoList"
            }
          }
        ]
      }
    ],
    "direction": "vertical"
  },
  "left": {
    "id": "93a31628beca5ff4",
    "type": "split",
    "children": [
      {
        "id": "becb88517b271778",
        "type": "tabs",
        "children": [
          {
            "id": "db983146428ffb02",
            "type": "leaf",
            "state": {
              "type": "file-explorer",
              "state": {
                "sortOrder": "alphabetical",
                "autoReveal": false
              },
              "icon": "lucide-folder-closed",
              "title": "Files"
            }
          },
          {
            "id": "9881bd37c3f72fca",
            "type": "leaf",
            "state": {
              "type": "search",
              "state": {
                "query": "",
                "matchingCase": false,
                "explainSearch": false,
                "collapseAll": false,
                "extraContext": false,
                "sortOrder": "alphabetical"
              },
              "icon": "lucide-search",
              "title": "Search"
            }
          },
          {
            "id": "b35a9c68f87e7c0d",
            "type": "leaf",
            "state": {
              "type": "bookmarks",
              "state": {},
              "icon": "lucide-bookmark",
              "title": "Bookmarks"
            }
          }
        ]
      }
    ],
    "direction": "horizontal",
    "width": 300
  },
  "right": {
    "id": "26e06537c44c4183",
    "type": "split",
    "children": [
      {
        "id": "3cb1fb930dbd46b3",
        "type": "tabs",
        "children": [
          {
            "id": "fb75f5bafd77184d",
            "type": "leaf",
            "state": {
              "type": "backlink",
              "state": {
                "file": "ProjectDocs/toDoList.md",
                "collapseAll": false,
                "extraContext": false,
                "sortOrder": "alphabetical",
                "showSearch": false,
                "searchQuery": "",
                "backlinkCollapsed": false,
                "unlinkedCollapsed": true
              },
              "icon": "links-coming-in",
              "title": "Backlinks for toDoList"
            }
          },
          {
            "id": "1e3bb365c6a4209a",
            "type": "leaf",
            "state": {
              "type": "outgoing-link",
              "state": {
                "file": "ProjectDocs/toDoList.md",
                "linksCollapsed": false,
                "unlinkedCollapsed": true
              },
              "icon": "links-going-out",
              "title": "Outgoing links from toDoList"
            }
          },
          {
            "id": "33ad7ee444c6ebab",
            "type": "leaf",
            "state": {
              "type": "tag",
              "state": {
                "sortOrder": "frequency",
                "useHierarchy": true,
                "showSearch": false,
                "searchQuery": ""
              },
              "icon": "lucide-tags",
              "title": "Tags"
            }
          },
          {
            "id": "ba037e5300ffd668",
            "type": "leaf",
            "state": {
              "type": "outline",
              "state": {
                "file": "ProjectDocs/toDoList.md",
                "followCursor": false,
                "showSearch": false,
                "searchQuery": ""
              },
              "icon": "lucide-list",
              "title": "Outline of toDoList"
            }
          }
        ]
      }
    ],
    "direction": "horizontal",
    "width": 300,
    "collapsed": true
  },
  "left-ribbon": {
    "hiddenItems": {
      "switcher:Open quick switcher": false,
      "graph:Open graph view": false,
      "canvas:Create new canvas": false,
      "daily-notes:Open today's daily note": false,
      "templates:Insert template": false,
      "command-palette:Open command palette": false,
      "bases:Create new base": false
    }
  },
  "active": "db983146428ffb02",
  "lastOpenFiles": []
}