{
  "main": {
    "id": "ea4ee67697b367c8",
    "type": "split",
    "children": [
      {
        "id": "217a3c61f39c53a7",
        "type": "tabs",
        "children": [
          {
            "id": "d90a9b436047924a",
            "type": "leaf",
            "state": {
              "type": "markdown",
              "state": {
                "file": "shedule/SE-TECH/Медиавики.md",
                "mode": "source",
                "source": false
              },
              "icon": "lucide-file",
              "title": "Медиавики"
            }
          }
        ]
      }
    ],
    "direction": "vertical"
  },
  "left": {
    "id": "22dd7ce667834944",
    "type": "split",
    "children": [
      {
        "id": "96bf62dfaa2f20c5",
        "type": "tabs",
        "children": [
          {
            "id": "0f49fa9d2ca8e6ea",
            "type": "leaf",
            "state": {
              "type": "file-explorer",
              "state": {
                "sortOrder": "alphabetical",
                "autoReveal": false
              },
              "icon": "lucide-folder-closed",
              "title": "Files"
            }
          },
          {
            "id": "aa2d497f79fc590a",
            "type": "leaf",
            "state": {
              "type": "search",
              "state": {
                "query": "",
                "matchingCase": false,
                "explainSearch": false,
                "collapseAll": false,
                "extraContext": false,
                "sortOrder": "alphabetical"
              },
              "icon": "lucide-search",
              "title": "Search"
            }
          },
          {
            "id": "4d7c3bf298fc88bd",
            "type": "leaf",
            "state": {
              "type": "bookmarks",
              "state": {},
              "icon": "lucide-bookmark",
              "title": "Bookmarks"
            }
          }
        ]
      }
    ],
    "direction": "horizontal",
    "width": 300
  },
  "right": {
    "id": "86797041f866a2be",
    "type": "split",
    "children": [
      {
        "id": "240d52e5a68ddfbc",
        "type": "tabs",
        "children": [
          {
            "id": "4143ed7c406651f5",
            "type": "leaf",
            "state": {
              "type": "backlink",
              "state": {
                "file": "shedule/SE-TECH/Медиавики.md",
                "collapseAll": false,
                "extraContext": false,
                "sortOrder": "alphabetical",
                "showSearch": false,
                "searchQuery": "",
                "backlinkCollapsed": false,
                "unlinkedCollapsed": true
              },
              "icon": "links-coming-in",
              "title": "Backlinks for Медиавики"
            }
          },
          {
            "id": "1b23746b10699521",
            "type": "leaf",
            "state": {
              "type": "outgoing-link",
              "state": {
                "file": "shedule/SE-TECH/Медиавики.md",
                "linksCollapsed": false,
                "unlinkedCollapsed": true
              },
              "icon": "links-going-out",
              "title": "Outgoing links from Медиавики"
            }
          },
          {
            "id": "62a7e7d5c8fa4bd8",
            "type": "leaf",
            "state": {
              "type": "tag",
              "state": {
                "sortOrder": "frequency",
                "useHierarchy": true,
                "showSearch": false,
                "searchQuery": ""
              },
              "icon": "lucide-tags",
              "title": "Tags"
            }
          },
          {
            "id": "8e28cd97beb6a584",
            "type": "leaf",
            "state": {
              "type": "outline",
              "state": {
                "file": "shedule/SE-TECH/Медиавики.md",
                "followCursor": false,
                "showSearch": false,
                "searchQuery": ""
              },
              "icon": "lucide-list",
              "title": "Outline of Медиавики"
            }
          }
        ]
      }
    ],
    "direction": "horizontal",
    "width": 300,
    "collapsed": true
  },
  "left-ribbon": {
    "hiddenItems": {
      "switcher:Open quick switcher": false,
      "graph:Open graph view": false,
      "canvas:Create new canvas": false,
      "daily-notes:Open today's daily note": false,
      "templates:Insert template": false,
      "command-palette:Open command palette": false,
      "bases:Create new base": false
    }
  },
  "active": "d90a9b436047924a",
  "lastOpenFiles": []
}